{
    "Eaux-Vives": "Eaux-Vives",
    "geneve-petit-saconnex": "Petit-Saconnex",
    "geneve-cite": "Cité-Centre",
    "Pâquis": "Pâquis",
    "Servette": "Servette",
    "Plainpalais": "Plainpalais",
    "Champel": "Champel",
    "Paquis": "Pâquis",
    "Jonction": "Jonction",
    "Cornavin": "Grottes",
    "geneve-eaux-vives": "Eaux-Vives",
    "Saint-Jean": "Saint-Jean",
    "meyrin": "Meyrin",
    "Cité": "Cité-Centre",
    "Châtelaine": "Charmilles",
    "geneve-plainpalais": "Plainpalais",
    "pregny-chambesy": "Pregny-Chambésy",
    "grand-saconnex": "Grand-Saconnex",
    "vernier": "Vernier",
    "Charmilles": "Charmilles",
    "lancy": "Lancy",
    "thonex": "Thônex",
    "chene-bougeries": "Chêne-Bougeries",
    "carouge": "Carouge",
    "aire-la-ville": "Aire-la-Ville",
    "corsier": "Corsier",
    "chene-bourg": "Chêne-Bourg",
    "Acacias": "Acacias",
    "Grottes": "Grottes",
    "Petit-Lancy": "Lancy",
    "bernex": "Bernex",
    "Étang": "Vernier",
    "Saint-Mathieu": "Bernex",
    "anieres": "Anières",
    "satigny": "Satigny",
    "Bel Air": "Cité-Centre",
    "Florissant": "Champel",
    "Cité (vieille ville / centre)": "Cité-Centre",
    "Quartier des Bains": "Plainpalais",
    "Claparède": "Champel",
    "Saint-Gervais": "Saint-Gervais"
}